{"mean":{"confidence_interval":{"confidence_level":0.95,"lower_bound":-0.0018105937036593744,"upper_bound":0.0018633471466967526},"point_estimate":-0.00006539207953315529,"standard_error":0.0009336003832796061},"median":{"confidence_interval":{"confidence_level":0.95,"lower_bound":-0.0027598480977468753,"upper_bound":0.0016271055608265694},"point_estimate":-0.0004260008669548787,"standard_error":0.001087601956632318}}