{"mean":{"confidence_interval":{"confidence_level":0.95,"lower_bound":0.0019471219506654925,"upper_bound":0.007213579602910292},"point_estimate":0.004314716699004961,"standard_error":0.001329934731942405},"median":{"confidence_interval":{"confidence_level":0.95,"lower_bound":0.0006400835205344624,"upper_bound":0.006039877360900947},"point_estimate":0.004505495974384877,"standard_error":0.0013859230444956063}}