{"mean":{"confidence_interval":{"confidence_level":0.95,"lower_bound":0.000799162701207834,"upper_bound":0.008546277582952582},"point_estimate":0.00489049569662825,"standard_error":0.001997584734938981},"median":{"confidence_interval":{"confidence_level":0.95,"lower_bound":0.0011936913837546914,"upper_bound":0.009147669663544189},"point_estimate":0.006016447250763335,"standard_error":0.002060173546884941}}