{"mean":{"confidence_interval":{"confidence_level":0.95,"lower_bound":609905.2169790269,"upper_bound":611553.3046727256},"point_estimate":610613.1914280388,"standard_error":431.1664720114897},"median":{"confidence_interval":{"confidence_level":0.95,"lower_bound":609848.0764354959,"upper_bound":611301.1912751677},"point_estimate":610064.4016778523,"standard_error":310.39978581655043},"median_abs_dev":{"confidence_interval":{"confidence_level":0.95,"lower_bound":88.97291399086004,"upper_bound":1741.2094393223367},"point_estimate":412.1813113623796,"standard_error":386.07459433291956},"slope":{"confidence_interval":{"confidence_level":0.95,"lower_bound":609739.4434962412,"upper_bound":610230.3930381483},"point_estimate":609977.8050379151,"standard_error":124.70170898805249},"std_dev":{"confidence_interval":{"confidence_level":0.95,"lower_bound":243.75703712911405,"upper_bound":1984.8731135052567},"point_estimate":1432.324598453773,"standard_error":475.3163044110438}}