{"mean":{"confidence_interval":{"confidence_level":0.95,"lower_bound":0.002802004928756535,"upper_bound":0.008189423371287991},"point_estimate":0.005530771646780064,"standard_error":0.0013162798165705523},"median":{"confidence_interval":{"confidence_level":0.95,"lower_bound":0.0017315461638076624,"upper_bound":0.0093313556482717},"point_estimate":0.005006280317143785,"standard_error":0.002058354325128539}}