{"mean":{"confidence_interval":{"confidence_level":0.95,"lower_bound":0.004076591582004791,"upper_bound":0.010842060795820396},"point_estimate":0.0074508676671922736,"standard_error":0.0017197526338954413},"median":{"confidence_interval":{"confidence_level":0.95,"lower_bound":0.0022365625661213695,"upper_bound":0.011307699536260651},"point_estimate":0.007773695123992397,"standard_error":0.002256687066950205}}