{"mean":{"confidence_interval":{"confidence_level":0.95,"lower_bound":0.0040426140979680225,"upper_bound":0.008250321740932159},"point_estimate":0.006196664490524917,"standard_error":0.0011078496612537056},"median":{"confidence_interval":{"confidence_level":0.95,"lower_bound":0.0031634266856293003,"upper_bound":0.009729340103359048},"point_estimate":0.00610108737641446,"standard_error":0.0017968287953933184}}