{"mean":{"confidence_interval":{"confidence_level":0.95,"lower_bound":-0.09952142648662955,"upper_bound":-0.001581702188166033},"point_estimate":-0.038201096477666896,"standard_error":0.02976638387170347},"median":{"confidence_interval":{"confidence_level":0.95,"lower_bound":-0.014958473872397793,"upper_bound":0.0014788732355419665},"point_estimate":-0.007411350955762841,"standard_error":0.008551219243007007}}