{"mean":{"confidence_interval":{"confidence_level":0.95,"lower_bound":0.002331325247429994,"upper_bound":0.011489026619076765},"point_estimate":0.006944385357083638,"standard_error":0.002343470597358573},"median":{"confidence_interval":{"confidence_level":0.95,"lower_bound":0.0013717742638765795,"upper_bound":0.01387583733516462},"point_estimate":0.007415254880565714,"standard_error":0.0031533412696519774}}