{"mean":{"confidence_interval":{"confidence_level":0.95,"lower_bound":-0.01798601775532536,"upper_bound":-0.005233478732428197},"point_estimate":-0.010961363448173334,"standard_error":0.0032648687984851875},"median":{"confidence_interval":{"confidence_level":0.95,"lower_bound":-0.01485275602345959,"upper_bound":-0.006355059128029694},"point_estimate":-0.012368654750610997,"standard_error":0.002337015032931503}}