{"mean":{"confidence_interval":{"confidence_level":0.95,"lower_bound":0.0033605992423906563,"upper_bound":0.009364711105626658},"point_estimate":0.006275685683207355,"standard_error":0.0015703361422770385},"median":{"confidence_interval":{"confidence_level":0.95,"lower_bound":0.0032504826798076536,"upper_bound":0.008885172969651078},"point_estimate":0.006122160598551973,"standard_error":0.0015426916066367305}}