{"mean":{"confidence_interval":{"confidence_level":0.95,"lower_bound":0.0025925542814408736,"upper_bound":0.007402311680872392},"point_estimate":0.004970656834673237,"standard_error":0.0012332036969331843},"median":{"confidence_interval":{"confidence_level":0.95,"lower_bound":0.00240625333225708,"upper_bound":0.007760525159232756},"point_estimate":0.0036150971196893256,"standard_error":0.0013646956898279502}}