{"mean":{"confidence_interval":{"confidence_level":0.95,"lower_bound":-0.0013783583441065728,"upper_bound":0.00015005168276939726},"point_estimate":-0.0006332841991658622,"standard_error":0.0003912725344966922},"median":{"confidence_interval":{"confidence_level":0.95,"lower_bound":-0.001573883419355604,"upper_bound":0.00007790832827403449},"point_estimate":-0.0007653382467618375,"standard_error":0.0004474807995382425}}