{"mean":{"confidence_interval":{"confidence_level":0.95,"lower_bound":-0.0011871681564083092,"upper_bound":0.009682861765983755},"point_estimate":0.004241565523543489,"standard_error":0.0027947323679333703},"median":{"confidence_interval":{"confidence_level":0.95,"lower_bound":-0.003583957424174389,"upper_bound":0.010282003740790913},"point_estimate":0.0024814975482316814,"standard_error":0.0033833985012154274}}