{"mean":{"confidence_interval":{"confidence_level":0.95,"lower_bound":-0.005845543263387487,"upper_bound":0.002437805977528112},"point_estimate":-0.0015293917640967214,"standard_error":0.002123572414049317},"median":{"confidence_interval":{"confidence_level":0.95,"lower_bound":-0.005877175659172118,"upper_bound":0.003728071204781802},"point_estimate":0.0004416499828603371,"standard_error":0.0024301747784278554}}