{"mean":{"confidence_interval":{"confidence_level":0.95,"lower_bound":-0.0010301943168932125,"upper_bound":0.0023619020571373937},"point_estimate":0.000629616872232841,"standard_error":0.0008690487980981075},"median":{"confidence_interval":{"confidence_level":0.95,"lower_bound":-0.0014069683510082864,"upper_bound":0.0015203638183813872},"point_estimate":-0.00008723452653536246,"standard_error":0.000690420752517343}}