{"mean":{"confidence_interval":{"confidence_level":0.95,"lower_bound":-0.0005379177378022302,"upper_bound":0.0073380413906841664},"point_estimate":0.0034861742474463497,"standard_error":0.002003391100587542},"median":{"confidence_interval":{"confidence_level":0.95,"lower_bound":-0.0006577258118750651,"upper_bound":0.007838391676576961},"point_estimate":0.0030110499305811,"standard_error":0.002218812428101244}}